name,imo
nesso,9257149
AETHER,9328170
ARGO MARIS,9041643
ATHE NOVA,9188116
BITU OCEAN,9020443
BLACK MAYA,9118800
BARFIN,9031911
DARYA RAKSH 4 (GULF MASTER),9396074
DONYA 101,8991188
EDRIS,9084384
FAKHR 1 (SHARK52),9588639
FAKHR 2,9589487
JOOD,8016859
LC PRINCES,9971848
MOHAMMAD,8889828
PARMIS,9205445
POLARIS 10,9057862
SAMARITAN 28,7625495
TENERIFE 10,9160360
TENERIFE 11,9176400
VIYANA (DOHA II),7930527
YALDA,8870190
IRAJ,7108071
MATAF SUPPORTER,8218122
OCEAN YOUNG,8117433
OLGA ex SORYU MARU,8904680
PERGAS,9588641
SPRING 1 (NEJOUM),8349684
TENERIFE 12,9203318
888 (SHOKEI MARU NO.12),8971267
ADMIRAL 10,8876974
AIDEN,9112650
AIYO,9115391
AL HOOT,8129084
AL HUSAM 21,8720852
ALBORZ (JYANE 1),9128831
ALI S,8520991
ALMAS,8864957
AMITIS,9168556
ANAHITA (NASEEB VII),9253961
ANAHITA 2 (KANEYOSHI 8),9138434
ANDIA,9159361
ANNA,9134438
ARAD 10,8926468
ARAT,9142356
ARGHVAN 97,9254290
ARK 55,9063471
ARMITA 2 (NASEEB 5),9075187
ARSHAN(SHINEI MARU),9119763
ARTAM,8923806
ARTIMIS 12,8871792
ARTIMIS 13,9188207
ATAM,1022495
ATOSA 03,1025148
ATOSA 04,1041647
BLUE OCEAN 1 (OHSUNG NO.2),9825441
BLUE SKY 4,9135030
BLUE STAR 3,9133147
BLUE STAR X,9934010
BONNIE 1,9057094
BRAVE 3,8877758
DENIZ 5,9129639
DIAKO,9128960
DIAKO 1,9159220
DIAMOND (EX. NASEEB 3),9075175
DINA,8870619
DOLPHIN,9209881
DSR (SHOKAKU),8974726
EIGHT OCEAN (HALU),9264013
ELIA,9826201
FALCON (EX. HOKUSHIN MARU),9109639
FERESHTEGAN (EX. SETAREGAN,7529392
FOUR OCEAN,9324253
FREYA,7915759
GRAND FERRY,8003620
GULF KING,9100504
GULF QUEEN,9088653
HAMOON,8984903
HELMA,8925191
HELMA 1,9066241
HIVA DARYA (EX.SAEB),9415387
HOORMAND DARYA,9062532
HOUT,9100619
HP 2 (UCO III),7730873
ILDA,8923818
ILDA 2 (EX. OCEAN TRADER),9056739
JOMEIRAH 3 (EX.RASTA 1),8216526
JAVID 2,9213519
JYANE 2,9770452
KAMAL,8889622
KAREN,9063500
KARINA,9191606
KASRA 1 (ex. KASRA),8926339
KASRA 2,9124158
KASRA 3,9109184
KASRA 4 (EX. KASRA 110),9118915
KONVOY GENOA,9104316
LIAN (EX. FALCON GULF),8503187
LADY ROSE (AMG GOLD 1),9169988
LIAN AMA,8611996
LIANA,9000390
LUSAIL 1 (LC AEIN),9770830
MAHOUR,7930539
MAKI ( SHINPO MARU),9233947
MARCO (HIVA DARYA),7128356
MARINE 1 (EX. EBISU MARU),9078658
MATYAR,9142344
MAYA 2,8731203
MILAN,9119789
MORGAN,8980543
MOTAF,9159165
MOTAF 3,9181314
MOUJE DAYYER,9815836
NAMDAR,8890750
NAM-VAR,8859407
NDL TWO(EX. HIRAD),8889830
NOOR 3,8889921
NOURA,9245548
NOVA (EX.ZAMIL 24),9269465
OCEAN LIGHT,8022236
OMIDAN 3,9646962
ORKIDEH,8889543
PASARGAD 11,9047623
POLARIS,9885271
POLARIS 1,1074412
PSL FALCON,8921717
PSL TIGER,9153123
RADIN,8889892
RAMESH 12,8923533
ROSS (BAHMAN III),9254185
ROSS 2(EX. BAHMAN I),9254173
ROYAL,8202563
RYAN 1 (MISTER JACKSON),7529380
SAHAR (EX. KARYA JAYA),8697093
SAHEL POL 1,8680595
SAMAR (AL QABIL),8520812
SAPRAMIN (EX.VENIZ),9238492
SEA SHELL,9296016
SEA STAR 9,1074394
SELIN (NASEEB 1),9075163
SETARE SAHEL,1015105
SEVEN HUNDRED-1,8923894
SHAHAB,9088782
SHAHIN,9104378
SHAHIN 2(MOTAF 1),8936372
SHAHIN 3,9078684
SHAHIN POHL,9615858
SHAHIN SALAKH,8672976
SHAHIN SALAKH 3,9912464
SHAIMA,8922709
SHAIMA 2,9103415
SHAYAN,9058749
SHIRAZ,9157600
SKY NOOR (EX. HSC TIGER),9001526
SU GAS (EX. SAANGI),9134361
TAKRO,8922905
VARSH,8965141
VENIZ 1,9262247
VENUS (TWO OCEAN),9245536
ZAMIL 23,9269453
ZULFQAR 10 (senaz),8503125
ARTAVIL,9187629